{"precompilation_time": 5.037271738052368, "agents": 4, "props": 1242, "acts": 1080, "effs": 19368, "depth": 1, "plan_length": 53, "total_time": 5.528128147125244, "generated": 898, "expanded": 203}