{"precompilation_time": 3.285456657409668, "agents": 4, "props": 1242, "acts": 1080, "effs": 19368, "depth": 1, "plan_length": 53, "total_time": 3.59666109085083, "generated": 898, "expanded": 203}