{"precompilation_time": 9.156194686889648, "agents": 4, "props": 628, "acts": 133, "effs": 20898, "depth": 2, "plan_length": 5, "total_time": 11.22075867652893, "generated": 57, "expanded": 13}