{
    "precompilation_time": 0.4752492904663086,
    "agents": 4,
    "props": 116,
    "acts": 133,
    "effs": 2466,
    "depth": 1,
    "plan_length": 4,
    "total_time": 0.5614383220672607,
    "generated": 80,
    "expanded": 15
}