{"precompilation_time": 1.176720380783081, "agents": 3, "props": 864, "acts": 540, "effs": 3744, "depth": 1, "plan_length": 21, "total_time": 1.3303492069244385, "generated": 287, "expanded": 37}