{"precompilation_time": 0.7792923450469971, "agents": 3, "props": 864, "acts": 540, "effs": 3744, "depth": 1, "plan_length": 21, "total_time": 0.8728294372558594, "generated": 287, "expanded": 37}