{"precompilation_time": 200.78431701660156, "agents": 8, "props": 4436, "acts": 457, "effs": 362818, "depth": 2, "plan_length": 15, "total_time": 496.3916506767273, "generated": 561, "expanded": 51}