{"precompilation_time": 6.948899745941162, "agents": 3, "props": 2544, "acts": 432, "effs": 9990, "depth": 2, "plan_length": 19, "total_time": 7.68845009803772, "generated": 155, "expanded": 25}