{"precompilation_time": 3.0329604148864746, "agents": 3, "props": 2544, "acts": 432, "effs": 9990, "depth": 2, "plan_length": 19, "total_time": 3.3733131885528564, "generated": 155, "expanded": 25}