{"precompilation_time": 8.825830698013306, "agents": 3, "props": 732, "acts": 1728, "effs": 27918, "depth": 1, "plan_length": 23, "total_time": 9.430786848068237, "generated": 300, "expanded": 58}