{"precompilation_time": 4.37517523765564, "agents": 3, "props": 732, "acts": 1728, "effs": 27918, "depth": 1, "plan_length": 23, "total_time": 4.690596580505371, "generated": 300, "expanded": 58}