{"precompilation_time": 0.06240034103393555, "agents": 5, "props": 62, "acts": 41, "effs": 220, "depth": 1, "plan_length": 8, "total_time": 0.10053658485412598, "generated": 37, "expanded": 16}