{"precompilation_time": 1.2368760108947754, "agents": 3, "props": 864, "acts": 540, "effs": 3744, "depth": 1, "plan_length": 53, "total_time": 1.4321138858795166, "generated": 4803, "expanded": 2503}