{"precompilation_time": 0.8068039417266846, "agents": 3, "props": 864, "acts": 540, "effs": 3744, "depth": 1, "plan_length": 53, "total_time": 0.949970006942749, "generated": 4803, "expanded": 2503}