{"precompilation_time": 3.7497735023498535, "agents": 8, "props": 340, "acts": 457, "effs": 18754, "depth": 1, "plan_length": 11, "total_time": 5.683603286743164, "generated": 5920, "expanded": 194}