{"precompilation_time": 0.4683229923248291, "agents": 4, "props": 116, "acts": 133, "effs": 2466, "depth": 1, "plan_length": 7, "total_time": 0.5551507472991943, "generated": 108, "expanded": 14}