{"precompilation_time": 4.433074712753296, "agents": 3, "props": 732, "acts": 1728, "effs": 27918, "depth": 1, "plan_length": 23, "total_time": 4.746546983718872, "generated": 300, "expanded": 58}