{"precompilation_time": 0.6876256465911865, "agents": 3, "props": 594, "acts": 324, "effs": 2484, "depth": 1, "plan_length": 42, "total_time": 0.8109743595123291, "generated": 2685, "expanded": 1425}