{"precompilation_time": 0.4646294116973877, "agents": 3, "props": 594, "acts": 324, "effs": 2484, "depth": 1, "plan_length": 42, "total_time": 0.5554420948028564, "generated": 2685, "expanded": 1425}