{"precompilation_time": 219.83560132980347, "agents": 3, "props": 11988, "acts": 9396, "effs": 611280, "depth": 2, "plan_length": 45, "total_time": 247.43781185150146, "generated": 21655, "expanded": 20088}