{"precompilation_time": 3.063600540161133, "agents": 3, "props": 1008, "acts": 810, "effs": 12096, "depth": 1, "plan_length": 46, "total_time": 3.3475100994110107, "generated": 796, "expanded": 230}