{"precompilation_time": 2.0002899169921875, "agents": 3, "props": 1008, "acts": 810, "effs": 12096, "depth": 1, "plan_length": 46, "total_time": 2.2056257724761963, "generated": 796, "expanded": 230}