{"precompilation_time": 0.7365207672119141, "agents": 4, "props": 720, "acts": 432, "effs": 3816, "depth": 1, "plan_length": 36, "total_time": 9.069405794143677, "generated": 1745009, "expanded": 119003}