{"precompilation_time": 1.1288275718688965, "agents": 4, "props": 720, "acts": 432, "effs": 3816, "depth": 1, "plan_length": 44, "total_time": 9.247730016708374, "generated": 1040990, "expanded": 73054}