{"precompilation_time": 4.9717326164245605, "agents": 4, "props": 1242, "acts": 1080, "effs": 19368, "depth": 1, "plan_length": 49, "total_time": 5.417426109313965, "generated": 1237, "expanded": 397}