{"precompilation_time": 3.1947879791259766, "agents": 4, "props": 1242, "acts": 1080, "effs": 19368, "depth": 1, "plan_length": 43, "total_time": 3.513303756713867, "generated": 900, "expanded": 191}