{"precompilation_time": 1.2877488136291504, "agents": 4, "props": 1040, "acts": 1008, "effs": 5280, "depth": 1, "plan_length": 25, "total_time": 1.4085001945495605, "generated": 374, "expanded": 54}