{"precompilation_time": 2.8445684909820557, "agents": 4, "props": 1040, "acts": 1008, "effs": 5280, "depth": 1, "plan_length": 25, "total_time": 3.099133014678955, "generated": 374, "expanded": 54}