{"precompilation_time": 3.659203290939331, "agents": 5, "props": 2262, "acts": 41, "effs": 6844, "depth": 3, "plan_length": 8, "total_time": 3.8593590259552, "generated": 37, "expanded": 16}