{"precompilation_time": 1.126004934310913, "agents": 4, "props": 720, "acts": 432, "effs": 3816, "depth": 1, "plan_length": 14, "total_time": 1.2692229747772217, "generated": 193, "expanded": 26}