{"precompilation_time": 0.7444674968719482, "agents": 4, "props": 720, "acts": 432, "effs": 3816, "depth": 1, "plan_length": 14, "total_time": 0.8362805843353271, "generated": 193, "expanded": 26}