{"precompilation_time": 1.998534917831421, "agents": 3, "props": 1008, "acts": 810, "effs": 12096, "depth": 1, "plan_length": 51, "total_time": 2.204568862915039, "generated": 690, "expanded": 170}