{"precompilation_time": 9.23914909362793, "agents": 4, "props": 628, "acts": 133, "effs": 20898, "depth": 2, "plan_length": 7, "total_time": 11.276420593261719, "generated": 88, "expanded": 11}