{"precompilation_time": 0.48093175888061523, "agents": 4, "props": 116, "acts": 133, "effs": 2466, "depth": 1, "plan_length": 12, "total_time": 0.5668432712554932, "generated": 137, "expanded": 14}