{"precompilation_time": 11.946216583251953, "agents": 7, "props": 5950, "acts": 41, "effs": 20852, "depth": 3, "plan_length": 8, "total_time": 12.735867738723755, "generated": 38, "expanded": 16}