{"precompilation_time": 0.44075703620910645, "agents": 3, "props": 600, "acts": 432, "effs": 2322, "depth": 1, "plan_length": 19, "total_time": 0.5040888786315918, "generated": 155, "expanded": 25}