{"precompilation_time": 0.8076272010803223, "agents": 3, "props": 600, "acts": 432, "effs": 2322, "depth": 1, "plan_length": 19, "total_time": 0.9314663410186768, "generated": 155, "expanded": 25}