{"precompilation_time": 0.07037353515625, "agents": 7, "props": 70, "acts": 41, "effs": 260, "depth": 1, "plan_length": 8, "total_time": 0.10563135147094727, "generated": 38, "expanded": 16}