{"precompilation_time": 3.7396843433380127, "agents": 8, "props": 340, "acts": 457, "effs": 18754, "depth": 1, "plan_length": 4, "total_time": 4.6910011768341064, "generated": 112, "expanded": 16}