{"precompilation_time": 199.6026976108551, "agents": 8, "props": 4436, "acts": 457, "effs": 362818, "depth": 2, "plan_length": 5, "total_time": 481.85160970687866, "generated": 169, "expanded": 31}