{"precompilation_time": 38.881677865982056, "agents": 4, "props": 1264, "acts": 5232, "effs": 105120, "depth": 1, "plan_length": 30, "total_time": 40.591108322143555, "generated": 502, "expanded": 70}