{"precompilation_time": 6.0189290046691895, "agents": 4, "props": 1728, "acts": 1872, "effs": 33024, "depth": 1, "plan_length": 62, "total_time": 6.588183164596558, "generated": 1894, "expanded": 487}