{"precompilation_time": 9.244043827056885, "agents": 4, "props": 1728, "acts": 1872, "effs": 33024, "depth": 1, "plan_length": 68, "total_time": 10.130899906158447, "generated": 2785, "expanded": 1156}