{"precompilation_time": 19.171460390090942, "agents": 4, "props": 1264, "acts": 5232, "effs": 105120, "depth": 1, "plan_length": 30, "total_time": 20.367427825927734, "generated": 502, "expanded": 70}