{"precompilation_time": 34.94697976112366, "agents": 4, "props": 1264, "acts": 5232, "effs": 105120, "depth": 1, "plan_length": 30, "total_time": 37.89629411697388, "generated": 502, "expanded": 70}