{"precompilation_time": 3.707815408706665, "agents": 3, "props": 1416, "acts": 1404, "effs": 20664, "depth": 1, "plan_length": 55, "total_time": 4.063931941986084, "generated": 809, "expanded": 165}