{"precompilation_time": 9.321650266647339, "agents": 3, "props": 1416, "acts": 1404, "effs": 20664, "depth": 1, "plan_length": 55, "total_time": 10.037647008895874, "generated": 809, "expanded": 165}