{"precompilation_time": 1.3098254203796387, "agents": 4, "props": 1032, "acts": 720, "effs": 5664, "depth": 1, "plan_length": 42, "total_time": 13.288999080657959, "generated": 2000192, "expanded": 130807}