{"precompilation_time": 2.001925230026245, "agents": 4, "props": 1032, "acts": 720, "effs": 5664, "depth": 1, "plan_length": 43, "total_time": 2.420161485671997, "generated": 10153, "expanded": 4804}