{"precompilation_time": 42.4830048084259, "agents": 3, "props": 18702, "acts": 41, "effs": 17860, "depth": 5, "plan_length": 8, "total_time": 45.63701248168945, "generated": 35, "expanded": 16}