{"precompilation_time": 0.7754638195037842, "agents": 3, "props": 870, "acts": 684, "effs": 3528, "depth": 1, "plan_length": 25, "total_time": 0.8656833171844482, "generated": 243, "expanded": 38}