{"precompilation_time": 1.7518157958984375, "agents": 3, "props": 870, "acts": 684, "effs": 3528, "depth": 1, "plan_length": 25, "total_time": 1.990896463394165, "generated": 243, "expanded": 38}