{"precompilation_time": 6.317026138305664, "agents": 4, "props": 1728, "acts": 1872, "effs": 33024, "depth": 1, "plan_length": 73, "total_time": 7.04883885383606, "generated": 6613, "expanded": 3298}