{"precompilation_time": 10.321330785751343, "agents": 4, "props": 1728, "acts": 1872, "effs": 33024, "depth": 1, "plan_length": 73, "total_time": 11.351564884185791, "generated": 6613, "expanded": 3298}