{"precompilation_time": 9.182296991348267, "agents": 4, "props": 628, "acts": 133, "effs": 20898, "depth": 2, "plan_length": 23, "total_time": 11.7494375705719, "generated": 1238, "expanded": 330}