{"precompilation_time": 0.5720059871673584, "agents": 3, "props": 558, "acts": 41, "effs": 1220, "depth": 3, "plan_length": 8, "total_time": 0.6198463439941406, "generated": 35, "expanded": 16}