{"precompilation_time": 3.721520185470581, "agents": 8, "props": 340, "acts": 457, "effs": 18754, "depth": 1, "plan_length": 16, "total_time": 4.673113584518433, "generated": 970, "expanded": 260}