{"precompilation_time": 202.55529022216797, "agents": 8, "props": 4436, "acts": 457, "effs": 362818, "depth": 2, "plan_length": 9, "total_time": 483.75177454948425, "generated": 355, "expanded": 34}